Region,CaseIndex,Map,Category,ArcComplete,ArcExpandedComplete,DotComplete,CorridorDiffers,StraightDiffers,DotNodes,ArcCorridorPolys,DotCorridorPolys,ArcCorners,DotCorners
Coldridge,9,0,NodeBudgetPartial,False,True,True,True,True,6596,26,112,8,30
Coldridge,23,0,NodeBudgetPartial,False,True,True,True,True,5982,39,129,8,35
Coldridge,37,0,NodeBudgetPartial,False,True,True,True,True,7964,72,140,12,33
Coldridge,54,0,NodeBudgetPartial,False,True,True,True,True,2447,130,146,37,41
Kharanos-switchback,3,0,NodeBudgetPartial,False,True,True,True,True,5824,80,163,16,37
Kharanos-switchback,6,0,NodeBudgetPartial,False,True,True,True,True,5818,47,128,15,34
Kharanos-switchback,9,0,NodeBudgetPartial,False,True,True,True,True,6041,90,145,21,41
Kharanos-switchback,12,0,NodeBudgetPartial,False,True,True,True,True,2188,89,89,25,26
Kharanos-switchback,17,0,NodeBudgetPartial,False,True,True,True,True,2478,74,90,19,23
Kharanos-switchback,20,0,NodeBudgetPartial,False,True,True,True,True,5048,17,105,8,27
Kharanos-switchback,21,0,NodeBudgetPartial,False,True,True,True,True,2432,75,80,12,12
Kharanos-switchback,23,0,NodeBudgetPartial,False,True,True,True,True,2521,49,70,9,19
Kharanos-switchback,32,0,NodeBudgetPartial,False,True,True,True,True,5310,95,143,21,26
Kharanos-switchback,33,0,NodeBudgetPartial,False,True,True,True,True,3363,114,141,25,31
Kharanos-switchback,35,0,NodeBudgetPartial,False,True,True,True,True,5209,101,153,26,32
Kharanos-switchback,36,0,NodeBudgetPartial,False,True,True,True,True,3600,73,132,19,29
Kharanos-switchback,37,0,NodeBudgetPartial,False,True,True,True,True,4093,40,119,13,31
Kharanos-switchback,38,0,NodeBudgetPartial,False,True,True,True,True,3840,110,156,33,38
Kharanos-switchback,39,0,NodeBudgetPartial,False,True,True,True,True,2223,120,123,33,32
Kharanos-switchback,41,0,NodeBudgetPartial,False,True,True,True,True,5465,62,102,14,25
Kharanos-switchback,49,0,NodeBudgetPartial,False,True,True,True,True,10896,90,171,14,37
Kharanos-switchback,51,0,NodeBudgetPartial,False,True,True,True,True,2154,62,67,10,10
Kharanos-switchback,52,0,NodeBudgetPartial,False,True,True,True,True,8594,57,141,11,32
Kharanos-switchback,55,0,NodeBudgetPartial,False,True,True,True,True,10388,53,153,7,37
Kharanos-switchback,58,0,NodeBudgetPartial,False,True,True,True,True,6051,64,113,17,29
Goldshire-inn,0,0,BothPartial,False,False,False,False,False,81052,24,24,11,11
Goldshire-inn,4,0,BothPartial,False,False,False,False,False,4,2,2,2,2
Goldshire-inn,5,0,BothPartial,False,False,False,False,False,4,1,1,2,2
Goldshire-inn,6,0,BothPartial,False,False,False,False,False,4,1,1,2,2
Goldshire-inn,10,0,BothPartial,False,False,False,False,False,76,7,7,6,6
Goldshire-inn,11,0,BothPartial,False,False,False,False,False,76,3,3,2,2
Goldshire-inn,12,0,BothPartial,False,False,False,False,False,76,11,11,4,4
Goldshire-inn,21,0,BothPartial,False,False,False,False,False,81040,33,33,6,6
Goldshire-inn,27,0,BothPartial,False,False,False,False,False,81050,63,63,19,19
Goldshire-inn,35,0,BothPartial,False,False,False,False,False,80990,22,22,4,4
Goldshire-inn,38,0,NodeBudgetPartial,False,True,True,True,True,2583,34,81,8,26
Goldshire-inn,41,0,BothPartial,False,False,False,False,False,80999,63,63,25,25
Goldshire-inn,49,0,BothPartial,False,False,False,False,False,80993,62,62,16,16
Goldshire-inn,55,0,BothPartial,False,False,False,False,False,81044,72,72,28,28
Deathknell-crypt,12,0,NodeBudgetPartial,False,True,True,True,True,2345,72,84,22,21
Deathknell-crypt,13,0,BothPartial,False,False,False,False,False,2,2,2,2,2
Deathknell-crypt,14,0,BothPartial,False,False,False,False,False,2,2,2,2,2
Deathknell-crypt,15,0,BothPartial,False,False,False,False,False,2,2,2,2,2
Deathknell-crypt,17,0,NodeBudgetPartial,False,True,True,True,True,2161,58,62,10,8
Deathknell-crypt,19,0,NodeBudgetPartial,False,True,True,True,True,2537,91,100,23,25
Deathknell-crypt,26,0,NodeBudgetPartial,False,True,True,True,True,2377,72,78,16,21
Deathknell-crypt,30,0,BothPartial,False,False,False,True,True,71579,55,82,14,23
Deathknell-crypt,31,0,NodeBudgetPartial,False,True,True,True,True,3741,67,92,19,21
Deathknell-crypt,36,0,NodeBudgetPartial,False,True,True,True,True,3559,84,103,19,24
Deathknell-crypt,44,0,BothPartial,False,False,False,True,True,71577,58,83,16,27
Deathknell-crypt,48,0,NodeBudgetPartial,False,True,True,True,True,3375,83,111,18,22
Deathknell-crypt,55,0,NodeBudgetPartial,False,True,True,True,True,2489,65,68,20,22
Deathknell-crypt,56,0,NodeBudgetPartial,False,True,True,True,True,3785,76,89,16,20
Deathknell-crypt,58,0,BothPartial,False,False,False,True,True,71567,57,92,16,30
Valley-of-Trials,1,1,NodeBudgetPartial,False,True,True,True,True,2159,69,69,18,18
Valley-of-Trials,4,1,BothPartial,False,False,False,False,False,28,5,5,4,4
Valley-of-Trials,5,1,BothPartial,False,False,False,False,False,28,6,6,3,3
Valley-of-Trials,6,1,BothPartial,False,False,False,False,False,28,2,2,2,2
Valley-of-Trials,7,1,BothPartial,False,False,False,False,False,75568,53,53,10,10
Valley-of-Trials,10,1,BothPartial,False,False,False,True,True,75536,55,92,15,21
Valley-of-Trials,11,1,NodeBudgetPartial,False,True,True,True,True,5822,44,87,16,27
Valley-of-Trials,17,1,NodeBudgetPartial,False,True,True,True,True,2591,75,75,18,16
Valley-of-Trials,18,1,NodeBudgetPartial,False,True,True,True,True,3302,69,75,14,20
Valley-of-Trials,21,1,BothPartial,False,False,False,False,True,75594,66,66,13,13
Valley-of-Trials,22,1,BothPartial,False,False,False,False,False,9,5,5,3,3
Valley-of-Trials,23,1,BothPartial,False,False,False,False,False,9,4,4,3,3
Valley-of-Trials,24,1,BothPartial,False,False,False,False,False,9,3,3,2,2
Valley-of-Trials,25,1,BothPartial,False,False,False,False,False,8,3,3,2,2
Valley-of-Trials,26,1,BothPartial,False,False,False,False,False,8,6,6,5,5
Valley-of-Trials,27,1,BothPartial,False,False,False,False,False,8,3,3,2,2
Valley-of-Trials,34,1,NodeBudgetPartial,False,True,True,True,True,2227,91,98,20,23
Valley-of-Trials,35,1,BothPartial,False,False,False,False,False,75588,24,24,4,4
Valley-of-Trials,37,1,NodeBudgetPartial,False,True,True,True,True,3221,54,107,17,28
Valley-of-Trials,39,1,BothPartial,False,False,False,True,True,75590,84,95,24,25
Valley-of-Trials,40,1,NodeBudgetPartial,False,True,True,True,True,2914,73,87,25,30
Valley-of-Trials,42,1,BothPartial,False,False,False,False,False,75582,25,25,8,8
Valley-of-Trials,47,1,NodeBudgetPartial,False,True,True,True,True,2173,72,72,16,16
Valley-of-Trials,48,1,NodeBudgetPartial,False,True,True,True,True,2845,92,99,25,27
Valley-of-Trials,49,1,BothPartial,False,False,False,True,True,75546,61,103,13,23
Valley-of-Trials,51,1,NodeBudgetPartial,False,True,True,True,True,2881,76,100,14,30
Valley-of-Trials,53,1,BothPartial,False,False,False,False,False,75547,31,31,7,7
Valley-of-Trials,54,1,NodeBudgetPartial,False,True,True,True,True,3588,74,109,19,31
Valley-of-Trials,56,1,BothPartial,False,False,False,True,True,75539,69,82,18,18
Valley-of-Trials,57,1,NodeBudgetPartial,False,True,True,True,True,8801,40,92,13,31
Shadowglen,1,1,NodeBudgetPartial,False,True,True,True,True,2307,86,94,22,23
Shadowglen,3,1,NodeBudgetPartial,False,True,True,True,True,7010,55,111,13,33
Shadowglen,4,1,PolygonCorridorDiffers,True,,True,True,True,1904,84,85,15,15
Shadowglen,5,1,BothPartial,False,False,False,True,True,72936,59,126,20,30
Shadowglen,6,1,BothPartial,False,False,False,True,True,72930,60,125,12,38
Shadowglen,11,1,BothPartial,False,False,False,False,False,72934,72,72,24,24
Shadowglen,14,1,BothPartial,False,False,False,True,True,72924,46,91,8,23
Shadowglen,17,1,NodeBudgetPartial,False,True,True,True,True,6001,58,114,17,32
Shadowglen,18,1,NodeBudgetPartial,False,True,True,True,True,2431,99,100,24,23
Shadowglen,19,1,BothPartial,False,False,False,True,True,72921,15,113,6,30
Shadowglen,20,1,BothPartial,False,False,False,True,True,72926,53,126,13,36
Shadowglen,21,1,PolygonCorridorDiffers,True,,True,True,True,1933,91,92,21,22
Shadowglen,25,1,BothPartial,False,False,False,False,False,72919,34,34,4,4
Shadowglen,27,1,NodeBudgetPartial,False,True,True,True,True,2951,74,60,20,10
Shadowglen,28,1,BothPartial,False,False,False,True,True,72964,57,93,9,23
Shadowglen,31,1,NodeBudgetPartial,False,True,True,True,True,2493,51,81,17,27
Shadowglen,34,1,BothPartial,False,False,False,False,False,370,10,10,3,3
Shadowglen,35,1,BothPartial,False,False,False,False,False,370,13,13,5,5
Shadowglen,36,1,BothPartial,False,False,False,False,False,370,6,6,2,2
Shadowglen,40,1,BothPartial,False,False,False,False,False,105,10,10,3,3
Shadowglen,41,1,BothPartial,False,False,False,False,False,105,14,14,4,4
Shadowglen,42,1,BothPartial,False,False,False,False,False,105,12,12,6,6
Shadowglen,43,1,BothPartial,False,False,False,False,False,9,3,3,2,2
Shadowglen,44,1,BothPartial,False,False,False,False,False,9,3,3,2,2
Shadowglen,45,1,BothPartial,False,False,False,False,False,9,1,1,2,2
Shadowglen,49,1,BothPartial,False,False,False,False,False,2,2,2,2,2
Shadowglen,50,1,BothPartial,False,False,False,False,False,2,2,2,2,2
Shadowglen,51,1,BothPartial,False,False,False,False,False,2,1,1,2,2
Shadowglen,57,1,BothPartial,False,False,False,False,False,72923,72,72,19,19
Shadowglen,60,1,BothPartial,False,False,False,True,True,72941,56,125,8,28
