SmsgCharCreate	0x003A	1843	decoded
SmsgCharEnum	0x003B	24	decoded
SmsgCharDelete	0x003C	12	decoded
SmsgNewWorld	0x003E	128	decoded
SmsgTransferPending	0x003F	128	decoded
SmsgTransferAborted	0x0040	1	allowlisted
SmsgCharacterLoginFailed	0x0041	16	decoded
SmsgLoginSettimespeed	0x0042	1963	decoded
SmsgLogoutResponse	0x004C	45	decoded
SmsgLogoutComplete	0x004D	38	decoded
SmsgLogoutCancelAck	0x004F	1	decoded
SmsgNameQueryResponse	0x0051	2	decoded
SmsgGuildQueryResponse	0x0055	1	decoded
SmsgItemQuerySingleResponse	0x0058	2	decoded
SmsgPageTextQueryResponse	0x005B	4	decoded
SmsgQuestQueryResponse	0x005D	3	allowlisted
SmsgGameobjectQueryResponse	0x005F	6	allowlisted
SmsgCreatureQueryResponse	0x0061	3	decoded
SmsgWho	0x0063	23	decoded
SmsgFriendList	0x0067	1839	decoded
SmsgFriendStatus	0x0068	10	allowlisted
SmsgIgnoreList	0x006B	1838	decoded
SmsgGroupInvite	0x006F	49	decoded
SmsgGroupDecline	0x0074	2	decoded
SmsgGroupList	0x007D	252	allowlisted
SmsgPartyMemberStats	0x007E	19	allowlisted
SmsgPartyCommandResult	0x007F	65	decoded
SmsgGuildRoster	0x008A	2	decoded
SmsgGuildEvent	0x0092	28	allowlisted
SmsgGuildCommandResult	0x0093	1	decoded
SmsgMessagechat	0x0096	4629	allowlisted
SmsgChannelNotify	0x0099	7	allowlisted
SmsgChannelList	0x009B	1	decoded
SmsgUpdateObject	0x00A9	5857	mixed
SmsgDestroyObject	0x00AA	386	decoded
SmsgGameobjectCustomAnim	0x00B3	2	decoded
MsgMoveStartForward	0x00B5	38	decoded
MsgMoveStop	0x00B7	35	decoded
MsgMoveJump	0x00BB	1	decoded
MsgMoveTeleport	0x00C5	313	allowlisted
MsgMoveTeleportAck	0x00C7	240	decoded
MsgMoveSetRunSpeed	0x00CD	2	allowlisted
MsgMoveSetRunBackSpeed	0x00CF	1	allowlisted
MsgMoveSetWalkSpeed	0x00D1	1	allowlisted
MsgMoveSetSwimSpeed	0x00D3	1	allowlisted
MsgMoveSetSwimBackSpeed	0x00D5	1	allowlisted
MsgMoveSetTurnRate	0x00D8	1	allowlisted
SmsgMonsterMove	0x00DD	158	mixed
SmsgMoveWaterWalk	0x00DE	59	decoded
SmsgMoveLandWalk	0x00DF	33	decoded
SmsgForceRunSpeedChange	0x00E2	7	decoded
SmsgForceRunBackSpeedChange	0x00E4	1	decoded
SmsgForceSwimSpeedChange	0x00E6	2	decoded
SmsgForceMoveRoot	0x00E8	45	allowlisted
SmsgForceMoveUnroot	0x00EA	14	allowlisted
MsgMoveRoot	0x00EC	8	allowlisted
MsgMoveUnroot	0x00ED	1	allowlisted
MsgMoveHeartbeat	0x00EE	235	mixed
SmsgMoveKnockBack	0x00EF	2	decoded
MsgMoveKnockBack	0x00F1	1	allowlisted
SmsgMoveFeatherFall	0x00F2	1	decoded
SmsgMoveSetHover	0x00F4	2	decoded
MsgMoveHover	0x00F7	2	allowlisted
SmsgTriggerCinematic	0x00FA	3	decoded
SmsgTutorialFlags	0x00FD	1961	decoded
SmsgEmote	0x0103	224	decoded
SmsgTextEmote	0x0105	17	decoded
SmsgInventoryChangeFailure	0x0112	18	allowlisted
SmsgInspect	0x0115	1	decoded
SmsgTradeStatus	0x0120	13	decoded
SmsgTradeStatusExtended	0x0121	2	decoded
SmsgInitializeFactions	0x0122	1961	decoded
SmsgSetFactionVisible	0x0123	16	allowlisted
SmsgSetFactionStanding	0x0124	49	allowlisted
SmsgSetProficiency	0x0127	10	decoded
SmsgActionButtons	0x0129	1961	decoded
SmsgInitialSpells	0x012A	1961	decoded
SmsgLearnedSpell	0x012B	120	decoded
SmsgCastResult	0x0130	187	allowlisted
SmsgSpellStart	0x0131	219	mixed
SmsgSpellGo	0x0132	455	mixed
SmsgSpellCooldown	0x0134	7	decoded
SmsgUpdateAuraDuration	0x0137	101	decoded
MsgChannelStart	0x0139	3	decoded
MsgChannelUpdate	0x013A	1	decoded
SmsgAiReaction	0x013C	40	decoded
SmsgAttackstart	0x0143	122	decoded
SmsgAttackstop	0x0144	91	decoded
SmsgAttackswingNotinrange	0x0145	4	decoded
SmsgAttackswingBadfacing	0x0146	4	decoded
SmsgAttackswingCantAttack	0x0149	1	decoded
SmsgAttackerstateupdate	0x014A	369	decoded
SmsgCancelCombat	0x014E	168	decoded
SmsgSpellheallog	0x0150	26	decoded
SmsgSpellenergizelog	0x0151	4	decoded
SmsgBindpointupdate	0x0155	1962	decoded
SmsgPlayerbound	0x0158	1	decoded
SmsgClientControlUpdate	0x0159	13	decoded
SmsgResurrectRequest	0x015B	10	allowlisted
SmsgLootResponse	0x0160	44	allowlisted
SmsgLootReleaseResponse	0x0161	21	decoded
SmsgLootRemoved	0x0162	20	decoded
SmsgLootMoneyNotify	0x0163	4	decoded
SmsgLootClearMoney	0x0165	6	decoded
SmsgItemPushResult	0x0166	157	decoded
SmsgDuelRequested	0x0167	30	decoded
SmsgDuelOutofbounds	0x0168	1	decoded
SmsgDuelComplete	0x016A	20	decoded
SmsgDuelWinner	0x016B	10	decoded
SmsgPetNameInvalid	0x0178	2	decoded
SmsgPetSpells	0x0179	21	decoded
SmsgGossipMessage	0x017D	12	decoded
SmsgGossipComplete	0x017E	55	decoded
SmsgNpcTextUpdate	0x0180	4	decoded
SmsgQuestgiverStatus	0x0183	2	decoded
SmsgQuestgiverQuestDetails	0x0188	18	decoded
SmsgQuestgiverRequestItems	0x018B	2	decoded
SmsgQuestgiverOfferReward	0x018D	11	decoded
SmsgQuestgiverQuestInvalid	0x018F	2	decoded
SmsgQuestgiverQuestComplete	0x0191	9	decoded
SmsgQuestgiverQuestFailed	0x0192	1	decoded
SmsgQuestlogFull	0x0195	1	decoded
SmsgQuestupdateFailedtimer	0x0197	5	decoded
SmsgQuestupdateComplete	0x0198	1	decoded
SmsgQuestupdateAddKill	0x0199	23	decoded
SmsgQuestupdateAddItem	0x019A	1	decoded
SmsgSellItem	0x01A1	1	decoded
SmsgBuyItem	0x01A4	6	decoded
SmsgBuyFailed	0x01A5	3	decoded
SmsgTrainerList	0x01B1	4	decoded
SmsgTrainerBuySucceeded	0x01B3	2	decoded
SmsgShowBank	0x01B8	2	decoded
SmsgPetitionShowlist	0x01BC	3	decoded
SmsgPetitionShowSignatures	0x01BF	2	decoded
SmsgPetitionSignResults	0x01C1	20	decoded
SmsgTurnInPetitionResults	0x01C5	2	decoded
SmsgNotification	0x01CB	56	decoded
SmsgPlayedTime	0x01CD	5	decoded
SmsgQueryTimeResponse	0x01CF	8	decoded
SmsgLogXpgain	0x01D0	60	allowlisted
SmsgLevelupInfo	0x01D4	47	decoded
SmsgEnchantmentlog	0x01D7	4	decoded
SmsgPong	0x01DD	20	decoded
SmsgSpellDelayed	0x01E2	1	decoded
SmsgItemEnchantTimeUpdate	0x01EB	3	decoded
SmsgAuthChallenge	0x01EC	1606	decoded
SmsgAuthResponse	0x01EE	1594	decoded
MsgSaveGuildEmblem	0x01F1	2	decoded
MsgTabardvendorActivate	0x01F2	2	allowlisted
SmsgPlaySpellVisual	0x01F3	13	decoded
SmsgPartykilllog	0x01F5	41	decoded
SmsgCompressedUpdateObject	0x01F6	1	decoded
SmsgExplorationExperience	0x01F8	6	decoded
SmsgEnvironmentaldamagelog	0x01FC	2	decoded
SmsgRemovedSpell	0x0203	33	decoded
SmsgGmticketCreate	0x0206	27	decoded
SmsgGmticketUpdatetext	0x0208	6	decoded
SmsgAccountDataMd5	0x0209	1838	decoded
SmsgUpdateAccountData	0x020C	7	allowlisted
SmsgGmticketGetticket	0x0212	10	decoded
SmsgGameobjectSpawnAnim	0x0214	5	decoded
SmsgGameobjectDespawnAnim	0x0215	17	decoded
MsgCorpseQuery	0x0216	1	decoded
SmsgGmticketDeleteticket	0x0218	2	decoded
SmsgChatWrongFaction	0x0219	1	decoded
SmsgGmticketSystemstatus	0x021B	1	decoded
SmsgSetRestStart	0x021E	1961	decoded
SmsgLoginVerifyWorld	0x0236	1838	decoded
SmsgSendMailResult	0x0239	34	decoded
SmsgMailListResult	0x023B	7	decoded
SmsgBattlefieldList	0x023D	24	decoded
SmsgBattlefieldWin	0x023F	2	allowlisted
SmsgBattlefieldLose	0x0240	2	allowlisted
SmsgSpelllogmiss	0x024B	7	decoded
SmsgPeriodicauralog	0x024E	13	allowlisted
SmsgSpelldamageshield	0x024F	2	decoded
SmsgSpellnonmeleedamagelog	0x0250	57	decoded
SmsgZoneUnderAttack	0x0254	6	decoded
SmsgAuctionCommandResult	0x025B	8	decoded
SmsgAuctionBidderNotification	0x025E	2	decoded
SmsgAuctionOwnerNotification	0x025F	4	decoded
SmsgAuctionBidderListResult	0x0265	8	decoded
SmsgCorpseReclaimDelay	0x0269	52	decoded
SmsgPlayMusic	0x0277	4	decoded
MsgQueryNextMailTime	0x0284	105	decoded
SmsgReceivedMail	0x0285	6	decoded
SmsgRaidGroupOnly	0x0286	1	decoded
SmsgPvpCredit	0x028C	15	decoded
SmsgAuctionRemovedNotification	0x028D	2	decoded
SmsgServerMessage	0x0291	7	decoded
SmsgMeetingstoneSetqueue	0x0295	17	decoded
SmsgMeetingstoneMemberAdded	0x0299	2	decoded
SmsgCancelAutoRepeat	0x029C	3	decoded
SmsgStandstateUpdate	0x029D	35	decoded
SmsgLootAllPassed	0x029E	2	decoded
SmsgLootRollWon	0x029F	4	decoded
SmsgLootStartRoll	0x02A1	6	decoded
SmsgLootRoll	0x02A2	12	decoded
SmsgLootMasterList	0x02A4	1	decoded
SmsgSpellFailedOther	0x02A6	12	decoded
SmsgChatPlayerNotFound	0x02A9	4	decoded
MsgTalentWipeConfirm	0x02AA	6	decoded
SmsgSummonRequest	0x02AB	1	decoded
MsgMoveFeatherFall	0x02B0	1	decoded
MsgMoveWaterWalk	0x02B1	2	allowlisted
SmsgDuelCountdown	0x02B7	26	decoded
SmsgAreaTriggerMessage	0x02B8	14	decoded
SmsgMeetingstoneJoinfailed	0x02BB	2	decoded
SmsgDurabilityDamageDeath	0x02BD	17	decoded
SmsgInitWorldStates	0x02C2	1992	decoded
SmsgUpdateWorldState	0x02C3	107	decoded
SmsgItemNameQueryResponse	0x02C5	1	decoded
SmsgCharRename	0x02C8	22	decoded
SmsgInstanceSaveCreated	0x02CB	2	decoded
SmsgRaidInstanceInfo	0x02CC	2	decoded
SmsgPlaySound	0x02D2	71	decoded
SmsgBattlefieldStatus	0x02D4	80	allowlisted
MsgInspectHonorStats	0x02D6	4	decoded
SmsgForceWalkSpeedChange	0x02DA	1	decoded
SmsgForceSwimBackSpeedChange	0x02DC	3	decoded
SmsgForceTurnRateChange	0x02DE	3	decoded
MsgPvpLogData	0x02E0	4	decoded
MsgBattlegroundPlayerPositions	0x02E9	1	decoded
SmsgAddonInfo	0x02EF	1577	decoded
SmsgWeather	0x02F4	76	decoded
SmsgSplineMoveSetRunMode	0x030D	1	decoded
SmsgSplineMoveSetWalkMode	0x030E	1	decoded
MsgMoveTimeSkipped	0x0319	2	decoded
SmsgInvalidatePlayer	0x031C	1	decoded
SmsgInstanceReset	0x031E	2	decoded
SmsgUpdateLastInstance	0x0320	1	decoded
SmsgUpdateInstanceOwnership	0x032B	123	decoded
SmsgSpellinstakilllog	0x032F	2	decoded
